{
    "guiders": {
        "18368182313": {
            "cookie": "theme=dark; bnc-uuid=8b19c59f-c047-4e42-906d-96395e1f84ff; source=organic; campaign=www.google.com; BNC_FV_KEY=3337ef092c4dad67ae57e8be2712dcf5b2069bc9; se_gd=RsSDQXhoEHQUxVTkKF1FgZZHQA1cFBTWlUGdRW0N1NQVAAFNWUJc1; se_gsd=WSklFSRjLDM0CQ0mJjU7MBA2WgsDAgsBWF5GVFRbUlNWVFNT1; BNC-Location=BINANCE; changeBasisTimeZone=; language=zh-CN; OptanonAlertBoxClosed=2024-04-09T09:43:03.360Z; _ga=GA1.2.1525088560.1712470969; _ga_3WP50LGEEC=GS1.1.1712719124.9.0.1712719124.60.0.0; futures-layout=pro; BNC_FV_KEY_T=101-aaBJtD4%2FtXNwaIhLG8Aan1kNduLZgMFsaCwrtZODUKV2tyauvzhsSFBiX%2FTbX82Y%2BwVfCOio2ZVOX5%2FyZcXu%2FA%3D%3D-BEI7JSUf0bMYPEKWhmcG1A%3D%3D-28; BNC_FV_KEY_EXPIRE=1721480836719; _gid=GA1.2.432357164.1721459239; cr00=E3AEF5E96FF260ED1BE5A47DE8304B4E; d1og=web.950578289.9BCFA5BE339F413BB7542293F8F4EA5B; r2o1=web.950578289.CF22B4AFB0EBAD0AD0CA92E055FD5116; f30l=web.950578289.45A86A41653063CAA753270A278B464A; logined=y; __BNC_USER_DEVICE_ID__={\"a4b4ba55a2c4831f913ab971b0621e38\":{\"date\":1712746916804,\"value\":\"\"},\"d41d8cd98f00b204e9800998ecf8427e\":{\"date\":1721459254770,\"value\":\"\"}}; p20t=web.950578289.13D779FC2F08DD54BBF2C77B0EA958C7; lang=zh-cn; sensorsdata2015jssdkcross=%7B%22distinct_id%22%3A%22950578289%22%2C%22first_id%22%3A%2218eb7394d704cd-06cd6e9e06522c4-26001a51-1990656-18eb7394d71725%22%2C%22props%22%3A%7B%22%24latest_traffic_source_type%22%3A%22%E8%87%AA%E7%84%B6%E6%90%9C%E7%B4%A2%E6%B5%81%E9%87%8F%22%2C%22%24latest_search_keyword%22%3A%22%E6%9C%AA%E5%8F%96%E5%88%B0%E5%80%BC%22%2C%22%24latest_referrer%22%3A%22https%3A%2F%2Fwww.google.com%2F%22%7D%2C%22identities%22%3A%22eyIkaWRlbnRpdHlfY29va2llX2lkIjoiMThlYjczOTRkNzA0Y2QtMDZjZDZlOWUwNjUyMmM0LTI2MDAxYTUxLTE5OTA2NTYtMThlYjczOTRkNzE3MjUiLCIkaWRlbnRpdHlfbG9naW5faWQiOiI5NTA1NzgyODkifQ%3D%3D%22%2C%22history_login_id%22%3A%7B%22name%22%3A%22%24identity_login_id%22%2C%22value%22%3A%22950578289%22%7D%2C%22%24device_id%22%3A%2218eb7394d704cd-06cd6e9e06522c4-26001a51-1990656-18eb7394d71725%22%7D; userPreferredCurrency=CNY_USD; profile-setting=setted; OptanonConsent=isGpcEnabled=0&datestamp=Sat+Jul+20+2024+15%3A08%3A56+GMT%2B0800+(%E4%B8%AD%E5%9B%BD%E6%A0%87%E5%87%86%E6%97%B6%E9%97%B4)&version=202406.1.0&browserGpcFlag=0&isIABGlobal=false&hosts=&consentId=b658a144-ad9a-48eb-b482-e8c3f7f70168&interactionCount=2&isAnonUser=1&landingPath=NotLandingPage&groups=C0001%3A1%2CC0003%3A0%2CC0004%3A0%2CC0002%3A0&AwaitingReconsent=false&geolocation=US%3BWA",
            "csrftoken": "51fa9fa603fa9490e3d9fb3c182ede86"
        }
    }
}