{
    "guiders": {
        "18368182313": {
            "cookie": "__BNC_USER_DEVICE_ID__={\"d41d8cd98f00b204e9800998ecf8427e\":{\"date\":1720344924225,\"value\":\"\"},\"ae553461b390e813854113dadaa65f55\":{\"date\":1722263444234,\"value\":\"\"}}; OptanonConsent=isGpcEnabled=0&datestamp=Tue+Jul+30+2024+00%3A16%3A14+GMT%2B0800+(%E4%B8%AD%E5%9B%BD%E6%A0%87%E5%87%86%E6%97%B6%E9%97%B4)&version=202406.1.0&browserGpcFlag=0&isIABGlobal=false&hosts=&consentId=1fbd2c30-b62c-4c29-830e-5199474066c8&interactionCount=2&isAnonUser=1&landingPath=NotLandingPage&groups=C0001%3A1%2CC0003%3A1%2CC0004%3A1%2CC0002%3A1&AwaitingReconsent=false&intType=1&geolocation=SG%3B; _ga=GA1.1.970215181.1720160335; _ga_3WP50LGEEC=GS1.1.1722269655.14.1.1722269774.43.0.0; OptanonAlertBoxClosed=2024-07-29T14:29:32.544Z; _gid=GA1.2.1541149091.1722259338; campaign=accounts.binance.com; sensorsdata2015jssdkcross=%7B%22distinct_id%22%3A%22900885031%22%2C%22first_id%22%3A%22190818bb2e21f9-08160da00fbb74-3e62654b-1296000-190818bb2e410d8%22%2C%22props%22%3A%7B%22%24latest_traffic_source_type%22%3A%22%E7%9B%B4%E6%8E%A5%E6%B5%81%E9%87%8F%22%2C%22%24latest_search_keyword%22%3A%22%E6%9C%AA%E5%8F%96%E5%88%B0%E5%80%BC_%E7%9B%B4%E6%8E%A5%E6%89%93%E5%BC%80%22%2C%22%24latest_referrer%22%3A%22%22%7D%2C%22identities%22%3A%22eyIkaWRlbnRpdHlfY29va2llX2lkIjoiMTkwODE4YmIyZTIxZjktMDgxNjBkYTAwZmJiNzQtM2U2MjY1NGItMTI5NjAwMC0xOTA4MThiYjJlNDEwZDgiLCIkaWRlbnRpdHlfbG9naW5faWQiOiI5MDA4ODUwMzEifQ%3D%3D%22%2C%22history_login_id%22%3A%7B%22name%22%3A%22%24identity_login_id%22%2C%22value%22%3A%22900885031%22%7D%2C%22%24device_id%22%3A%22190818bc1d1be6-0029c9eba1e33452-3e62654b-1296000-190818bc1d221ac%22%7D; source=referral; _gat_UA-162512367-1=1; _uetsid=091184504db711efad59db9f4bad5af8; _uetvid=0911c0804db711ef97e2f1995cb4da12; _gcl_au=1.1.1479421965.1720174924; lang=zh-cn; userPreferredCurrency=VND_USD; profile-setting=setted; cr00=17A32F15E81F14D5B23977F0184075F7; d1og=web.900885031.AEEA2C14D96FA4301230A2DE070CA3E6; f30l=web.900885031.7E9D64FC843E8004B3965FA0982EBF74; r2o1=web.900885031.3EEF1EDDE29F2F7707D0B23E7C17A84F; BNC-Location=BINANCE; logined=y; p20t=web.900885031.0623C50A7F541F3B6B55B660E6A823E0; s9r1=8D2389289F224F911EA68E7C159B4DB9; g_state={\"i_l\":1,\"i_p\":1722270621556}; BNC_FV_KEY=3317792a42caa842a887d37dba9649c8283971c8; BNC_FV_KEY_EXPIRE=1722280938465; BNC_FV_KEY_T=101-Eh5sh1z4ry4z5dyVzsUfJshbYoZxpQ3zh%2F6X9697JyltduVVKdIMcrUdhihV01cXxCbt13zk%2BpOKx6nSUZgVog%3D%3D-hlh%2B4MlUrwKYqldiezlVEg%3D%3D-a5; se_sd=w0XEAAhgLRKVBUQcbAAIgZZExABcPESUFAPNZUUVFNUUwBVNWUYH1; changeBasisTimeZone=; futures-layout=pro; theme=light; se_gsd=dwAkFStVJigjMAknNAw1JCYiElQLBgIHUlRKVVRRUVFTHVNT1; se_gd=FEGVhVQkDBJBxYbEbGxcgZZE1HQcHBZUlRVdbUU9FFVVQUlNWUNW1; bnc-uuid=1e84d12c-3c11-4795-98e6-ce621aecdfcc",
            "csrftoken": "e31fcd3c9b0de664998298df766b5a3d"
        }
    }
}