{
    "guiders": {
        "18368182313": {
            "cookie": "bnc-uuid=e40f2571-0b6c-4b43-abab-a7ab36234432; se_gd=Q0PGxWRkWEIURASgNCBIgZZUQDxVQBVUlACNcW0FlhcWwD1NWUNR1; se_gsd=VSwgPzNkISs0Mwk0JRw0M1M1VRJUBwtXWFtFW1BWU1haJ1NT1; OptanonAlertBoxClosed=2024-03-08T07:54:59.022Z; BNC-Location=BINANCE; source=referral; campaign=accounts.binance.com; pl-id=36843340; changeBasisTimeZone=; g_state={\"i_l\":0}; _gcl_au=1.1.1988211238.1718447414; _ga_MEG0BSW76K=GS1.1.1719472131.1.1.1719472148.0.0.0; se_sd=wsFABRx5RQLCA5bcCBQ4gZZXAUAATEXWlsAZbW0FFFWVgW1NWUcV1; profile-setting=setted; theme=dark; BNC_FV_KEY=33b71ee3b69ba28bbfbc8116ccf6a3d923efef6c; language=zh-CN; _gid=GA1.2.689652698.1721278112; logined=y; isAccountsLoggedIn=y; futures-layout=pro; _uetsid=1c544ba046a111efbcb6393e18fc1d42; _uetvid=40cdfbe0dd2311ee8d80f30035e84d31; BNC_FV_KEY_T=101-A1JMcZ1ZWfu6OXFfl7mIazfsLZNESnXO%2FsMNQJ3AJGbmvv%2BUNYNV1ZkzfAwkyd3CBVhBYmwDRNnMa250%2FHdayQ%3D%3D-zqztS6vnSIfTng2JDbpcBw%3D%3D-9e; BNC_FV_KEY_EXPIRE=1721564972639; _gat=1; cr00=282967A8D4EFCF2891FD26B730862711; d1og=web.900885031.83380C9DA60F52C3F9515D5AF6060EA7; r2o1=web.900885031.92BE1609A54B38ED755BC718FA1A2ED8; f30l=web.900885031.C94200374AF504182C55991ECD750258; __BNC_USER_DEVICE_ID__={\"ae553461b390e813854113dadaa65f55\":{\"date\":1721280889248,\"value\":\"1721280889203N4JYXwPycXkr5nZqmJr\"},\"d41d8cd98f00b204e9800998ecf8427e\":{\"date\":1721543410739,\"value\":\"\"}}; p20t=web.900885031.DFCA9BCC7D4FFE3A8C46A1BAA6707856; lang=zh-tc; sensorsdata2015jssdkcross=%7B%22distinct_id%22%3A%22900885031%22%2C%22first_id%22%3A%2218e1d0ed8ec1f02-0953ffb814c9fd8-1d525637-1296000-18e1d0ed8ed2344%22%2C%22props%22%3A%7B%22%24latest_traffic_source_type%22%3A%22%E7%9B%B4%E6%8E%A5%E6%B5%81%E9%87%8F%22%2C%22%24latest_search_keyword%22%3A%22%E6%9C%AA%E5%8F%96%E5%88%B0%E5%80%BC_%E7%9B%B4%E6%8E%A5%E6%89%93%E5%BC%80%22%2C%22%24latest_referrer%22%3A%22%22%2C%22%24latest_utm_source%22%3A%22referral%22%2C%22%24latest_utm_campaign%22%3A%22accounts.binance.com%22%7D%2C%22identities%22%3A%22eyIkaWRlbnRpdHlfY29va2llX2lkIjoiMThlMWQwZWQ4ZWMxZjAyLTA5NTNmZmI4MTRjOWZkOC0xZDUyNTYzNy0xMjk2MDAwLTE4ZTFkMGVkOGVkMjM0NCIsIiRpZGVudGl0eV9sb2dpbl9pZCI6IjkwMDg4NTAzMSJ9%22%2C%22history_login_id%22%3A%7B%22name%22%3A%22%24identity_login_id%22%2C%22value%22%3A%22900885031%22%7D%2C%22%24device_id%22%3A%2218e1d0ed8ec1f02-0953ffb814c9fd8-1d525637-1296000-18e1d0ed8ed2344%22%7D; userPreferredCurrency=VND_USD; _gat_UA-162512367-1=1; _ga_3WP50LGEEC=GS1.1.1721543371.180.1.1721543440.57.0.0; _ga=GA1.1.1724567546.1709884496; OptanonConsent=isGpcEnabled=0&datestamp=Sun+Jul+21+2024+14%3A30%3A40+GMT%2B0800+(%E4%B8%AD%E5%9B%BD%E6%A0%87%E5%87%86%E6%97%B6%E9%97%B4)&version=202406.1.0&browserGpcFlag=0&isIABGlobal=false&hosts=&consentId=eb9fd072-a9f1-4fae-9c47-7a1de1f1da53&interactionCount=1&landingPath=NotLandingPage&groups=C0001%3A1%2CC0003%3A1%2CC0004%3A1%2CC0002%3A1&geolocation=US%3BWA&AwaitingReconsent=false&isAnonUser=1",
            "csrftoken": "f34263e00ab31b24d39fffec3d204fe3"
        }
    }
}