{
    "guiders": {
        "18368182313": {
            "cookie": "bnc-uuid=e40f2571-0b6c-4b43-abab-a7ab36234432; se_gd=Q0PGxWRkWEIURASgNCBIgZZUQDxVQBVUlACNcW0FlhcWwD1NWUNR1; se_gsd=VSwgPzNkISs0Mwk0JRw0M1M1VRJUBwtXWFtFW1BWU1haJ1NT1; OptanonAlertBoxClosed=2024-03-08T07:54:59.022Z; BNC-Location=BINANCE; pl-id=36843340; changeBasisTimeZone=; g_state={\"i_l\":0}; _gcl_au=1.1.1988211238.1718447414; _ga_MEG0BSW76K=GS1.1.1719472131.1.1.1719472148.0.0.0; se_sd=wsFABRx5RQLCA5bcCBQ4gZZXAUAATEXWlsAZbW0FFFWVgW1NWUcV1; profile-setting=setted; theme=dark; BNC_FV_KEY=33b71ee3b69ba28bbfbc8116ccf6a3d923efef6c; language=zh-CN; _gid=GA1.2.689652698.1721278112; logined=y; isAccountsLoggedIn=y; futures-layout=pro; source=crm; campaign=transactional; BNC_FV_KEY_T=101-TX1MFOg2d2HusKf9b4PYqq3UopRLRNA2u0sB98jDm5A9R7ngRpyPGS4Fyh8AH5BmBxKEead93eyL3CFqhHddng%3D%3D-cox%2BdOXSj8ho4GMLXC%2FVvg%3D%3D-d8; BNC_FV_KEY_EXPIRE=1721802300047; _uetsid=9b19f480496411efbec011c197634d53; _uetvid=40cdfbe0dd2311ee8d80f30035e84d31; cr00=D149027DE723AB05BAF7A80D73E74042; d1og=web.950578289.79F419D8F195265EC7FB9537CD524A1D; r2o1=web.950578289.C30E746CFC24655F09C54F38274C9F61; f30l=web.950578289.397748B2D2B0980C9A6F18BBF701CF99; __BNC_USER_DEVICE_ID__={\"ae553461b390e813854113dadaa65f55\":{\"date\":1721280889248,\"value\":\"1721280889203N4JYXwPycXkr5nZqmJr\"},\"d41d8cd98f00b204e9800998ecf8427e\":{\"date\":1721788200156,\"value\":\"\"}}; p20t=web.950578289.8B5AE64C208BD15008BFF204EF98E725; sensorsdata2015jssdkcross=%7B%22distinct_id%22%3A%22950578289%22%2C%22first_id%22%3A%2218e1d0ed8ec1f02-0953ffb814c9fd8-1d525637-1296000-18e1d0ed8ed2344%22%2C%22props%22%3A%7B%22%24latest_traffic_source_type%22%3A%22%E7%9B%B4%E6%8E%A5%E6%B5%81%E9%87%8F%22%2C%22%24latest_search_keyword%22%3A%22%E6%9C%AA%E5%8F%96%E5%88%B0%E5%80%BC_%E7%9B%B4%E6%8E%A5%E6%89%93%E5%BC%80%22%2C%22%24latest_referrer%22%3A%22%22%2C%22%24latest_utm_source%22%3A%22crm%22%2C%22%24latest_utm_campaign%22%3A%22transactional%22%2C%22%24latest_utm_medium%22%3A%22email%22%2C%22%24latest_utm_content%22%3A%22pay_payment_successful_email%22%7D%2C%22identities%22%3A%22eyIkaWRlbnRpdHlfY29va2llX2lkIjoiMThlMWQwZWQ4ZWMxZjAyLTA5NTNmZmI4MTRjOWZkOC0xZDUyNTYzNy0xMjk2MDAwLTE4ZTFkMGVkOGVkMjM0NCIsIiRpZGVudGl0eV9sb2dpbl9pZCI6Ijk1MDU3ODI4OSJ9%22%2C%22history_login_id%22%3A%7B%22name%22%3A%22%24identity_login_id%22%2C%22value%22%3A%22950578289%22%7D%2C%22%24device_id%22%3A%2218e1d0ed8ec1f02-0953ffb814c9fd8-1d525637-1296000-18e1d0ed8ed2344%22%7D; userPreferredCurrency=CNY_USD; _gat=1; _gat_UA-162512367-1=1; lang=zh-tc; _ga_3WP50LGEEC=GS1.1.1721788179.188.1.1721788660.34.0.0; _ga=GA1.1.1724567546.1709884496; OptanonConsent=isGpcEnabled=0&datestamp=Wed+Jul+24+2024+10%3A37%3A41+GMT%2B0800+(%E4%B8%AD%E5%9B%BD%E6%A0%87%E5%87%86%E6%97%B6%E9%97%B4)&version=202406.1.0&browserGpcFlag=0&isIABGlobal=false&hosts=&consentId=eb9fd072-a9f1-4fae-9c47-7a1de1f1da53&interactionCount=1&landingPath=NotLandingPage&groups=C0001%3A1%2CC0003%3A1%2CC0004%3A1%2CC0002%3A1&geolocation=US%3BWA&AwaitingReconsent=false&isAnonUser=1",
            "csrftoken": "fd8b9fbce52a1b029219a6983ff6728c"
        }
    }
}